actorId,actorName,profileImage
1136406,Tom Holland,https://image.tmdb.org/t/p/w600_and_h900_bestv2/ip7aXVH8s6wXv8cY6KI14OZgCI8.jpg
131,Jake Gyllenhaal,https://image.tmdb.org/t/p/w600_and_h900_bestv2/92sBuFC8tWPG7IqGDJNxysT7tIF.jpg
505710,Zendaya,https://image.tmdb.org/t/p/w600_and_h900_bestv2/r3A7ev7QkjOGocVn3kQrJ0eOouk.jpg
119589,Donald Glover,https://image.tmdb.org/t/p/w600_and_h900_bestv2/36o5mpbQVdxOf9kUxWw7SllOuk.jpg
14386,Beyonc√© Knowles,https://image.tmdb.org/t/p/w600_and_h900_bestv2/9MgDCYBBVBl4lM1DuxNIIbCHlKy.jpg
15152,James Earl Jones,https://image.tmdb.org/t/p/w600_and_h900_bestv2/oqMPIsXrl9SZkRfIKN08eFROmH6.jpg
84497,Aaron Paul,https://image.tmdb.org/t/p/w600_and_h900_bestv2/u8UdsB9yenM4uHEjmce4nkBn48X.jpg
88124,Jesse Plemons,https://image.tmdb.org/t/p/w600_and_h900_bestv2/vfTsSy2pFkIlOE86ifhs6sXOtcg.jpg
82945,Charles Baker,https://image.tmdb.org/t/p/w600_and_h900_bestv2/yuRBqdgCh4OgTsfl2Xs4mC6PpnZ.jpg
31,Tom Hanks,https://image.tmdb.org/t/p/w600_and_h900_bestv2/xxPMucou2wRDxLrud8i2D4dsywh.jpg
12898,Tim Allen,https://image.tmdb.org/t/p/w600_and_h900_bestv2/PGLz0YLg4eB49BA6QxzHF5czxX.jpg
8873,Annie Potts,https://image.tmdb.org/t/p/w600_and_h900_bestv2/hWIzkAH7jkSkxBfwdudxbSPxeno.jpg
73421,Joaquin Phoenix,https://image.tmdb.org/t/p/w600_and_h900_bestv2/zixTWuMZ1D8EopgOhLVZ6Js2ux3.jpg
380,Robert De Niro,https://image.tmdb.org/t/p/w600_and_h900_bestv2/lvTSwUcvJRLAJ2FB5qFaukel516.jpg
1545693,Zazie Beetz,https://image.tmdb.org/t/p/w600_and_h900_bestv2/sgxzT54GnvgeMnOZgpQQx9csAdd.jpg
18918,Dwayne Johnson,https://image.tmdb.org/t/p/w600_and_h900_bestv2/kuqFzlYMc2IrsOyPznMd1FroeGq.jpg
976,Jason Statham,https://image.tmdb.org/t/p/w600_and_h900_bestv2/PhWiWgasncGWD9LdbsGcmxkV4r.jpg
17605,Idris Elba,https://image.tmdb.org/t/p/w600_and_h900_bestv2/be1bVF7qGX91a6c5WeRPs5pKXln.jpg
6384,Keanu Reeves,https://image.tmdb.org/t/p/w600_and_h900_bestv2/bOlYWhVuOiU6azC4Bw6zlXZ5QTC.jpg
4587,Halle Berry,https://image.tmdb.org/t/p/w600_and_h900_bestv2/AmCXHowNbUXpNf41dNrxNB0naM2.jpg
6972,Ian McShane,https://image.tmdb.org/t/p/w600_and_h900_bestv2/pY9ud4BJwHekNiO4MMItPbgkdAy.jpg
3223,Robert Downey Jr.,https://image.tmdb.org/t/p/w600_and_h900_bestv2/1YjdSym1jTG7xjHSI0yGGWEsw5i.jpg
16828,Chris Evans,https://image.tmdb.org/t/p/w600_and_h900_bestv2/gHipKCLtttZvwpVDacgtMdgxinZ.jpg
103,Mark Ruffalo,https://image.tmdb.org/t/p/w600_and_h900_bestv2/z3dvKqMNDQWk3QLxzumloQVR0pv.jpg
466505,Kumail Nanjiani,https://image.tmdb.org/t/p/w600_and_h900_bestv2/9EyrK1Cv7ey1h1GgmsVAOn45w6G.jpg
543530,Dave Bautista,https://image.tmdb.org/t/p/w600_and_h900_bestv2/oZDL1VprkUEFhOtG5WcVjudj5ks.jpg
113732,Iko Uwais,https://image.tmdb.org/t/p/w600_and_h900_bestv2/88pugc3eLWksrR4AcufCEnCsQ7J.jpg
1001657,Sophie Turner,https://image.tmdb.org/t/p/w600_and_h900_bestv2/kZWYgD1T7ReZTt0al5gfkoviXG7.jpg
5530,James McAvoy,https://image.tmdb.org/t/p/w600_and_h900_bestv2/oPIfGm3mf4lbmO5pWwMvfTt5BM1.jpg
17288,Michael Fassbender,https://image.tmdb.org/t/p/w600_and_h900_bestv2/oexNPLumoFpazzzUqzBSDDYiUg1.jpg
74568,Chris Hemsworth,https://image.tmdb.org/t/p/w600_and_h900_bestv2/lrhth7yK9p3vy6p7AabDUM1THKl.jpg
62561,Tessa Thompson,https://image.tmdb.org/t/p/w600_and_h900_bestv2/3POwFJPt9Mn7UqktzgoRQKjnfwp.jpg
1515478,Mena Massoud,https://image.tmdb.org/t/p/w600_and_h900_bestv2/yeaEd4P4kNlRkDqzunsQeh24rQm.jpg
240724,Naomi Scott,https://image.tmdb.org/t/p/w600_and_h900_bestv2/d140yTWCle6rYUGE9GIVZVPaPng.jpg
2888,Will Smith,https://image.tmdb.org/t/p/w600_and_h900_bestv2/7XEzMCdMQffq8PrkLYjYb7QpIgW.jpg
83002,Jessica Chastain,https://image.tmdb.org/t/p/w600_and_h900_bestv2/lodMzLKSdrPcBry6TdoDsMN3Vge.jpg
19278,Bill Hader,https://image.tmdb.org/t/p/w600_and_h900_bestv2/3Z5JsyLw7YTLZgpA3FAlLmFSN9F.jpg
65731,Sam Worthington,https://image.tmdb.org/t/p/w600_and_h900_bestv2/9XzAE3ZnCnazub4xrSY8YBN7sNq.jpg
4888,Lily Rabe,https://image.tmdb.org/t/p/w600_and_h900_bestv2/5qTAKNY5zTBQlDjdAb2Nq1FOhNi.jpg
537,Stephen Tobolowsky,https://image.tmdb.org/t/p/w600_and_h900_bestv2/fUodC7wMUZLAXnm4ONCxF5haCtC.jpg
115150,Kaya Scodelario,https://image.tmdb.org/t/p/w600_and_h900_bestv2/uVp7VarM5GX08hfCEGt63OM5c5c.jpg
12834,Barry Pepper,https://image.tmdb.org/t/p/w600_and_h900_bestv2/xLVueyLs2MERkS9RxERa3VCn95s.jpg
1321628,Morfydd Clark,https://image.tmdb.org/t/p/w600_and_h900_bestv2/nxWjzdYktHOhKcEzoiZiGsHpEzW.jpg
5916,Rosario Dawson,https://image.tmdb.org/t/p/w600_and_h900_bestv2/9MyVwYM5JiMnQvNiRVwX5k7Y5m5.jpg
140114,Marie Avgeropoulos,https://image.tmdb.org/t/p/w600_and_h900_bestv2/jhmf0biqz0ulU0Plupro0jS6kUY.jpg
52886,Jeffrey Donovan,https://image.tmdb.org/t/p/w600_and_h900_bestv2/5i47zZDpnAjLBtQdlqhg5AIYCuT.jpg
11701,Angelina Jolie,https://image.tmdb.org/t/p/w600_and_h900_bestv2/gD8jlGkQC8GBajulNlIzBK1YEO1.jpg
18050,Elle Fanning,https://image.tmdb.org/t/p/w600_and_h900_bestv2/gEdEi3ZfJk6C0PUf0GqYSlJStqi.jpg
1160,Michelle Pfeiffer,https://image.tmdb.org/t/p/w600_and_h900_bestv2/oGUmQBU87QXAsnaGleYaAjAXSlj.jpg
17628,Mary Elizabeth Winstead,https://image.tmdb.org/t/p/w600_and_h900_bestv2/cBMtncBcUrKMTB8CifDG23THuCE.jpg
2296,Clive Owen,https://image.tmdb.org/t/p/w600_and_h900_bestv2/fIfCVQiizAhmfJxVRjXQ8d8l6tO.jpg
17178,Patrick Wilson,https://image.tmdb.org/t/p/w600_and_h900_bestv2/djhTpbOvrfdDsWZFFintj2Uv47a.jpg
127281,Harrison Gilbertson,https://image.tmdb.org/t/p/w600_and_h900_bestv2/4Dn0yyZxzO4NBYOxLN6oJ3pKpg.jpg
2034922,Laysla De Oliveira,https://image.tmdb.org/t/p/w600_and_h900_bestv2/f8RP7V3S9JkJa1CeP6Wpl0xyCAJ.jpg
1172108,Mckenna Grace,https://image.tmdb.org/t/p/w600_and_h900_bestv2/f1Y0mtC4bxHF6ALdKXrZCsF5w9S.jpg
1597855,Madison Iseman,https://image.tmdb.org/t/p/w600_and_h900_bestv2/qkPW0nHQUlckRj3MRveVTzRpNR2.jpg
1411601,Katie Sarife,https://image.tmdb.org/t/p/w600_and_h900_bestv2/oQLQZ58uvGgpdtCUpOcoiF5zYJW.jpg
